P1,P2,P3,P4,P5,P6,P7,P8,P9,P10,P11,P12,P13,P14,P15,P16,P17,P18,P19,P20,P21,P22,P23,P24,P25,P26,P27,P28,P29,P30,P31,P32,P33,P34,P35
ba\,1,0,0,0,3,4,3,10,0,0,6,4,10,7,0,0,10,7,10,3,3,3,7,4,10,2,2,1,0,0,5,6,5,7
ba\,1,-1,0,0,4,9,3,10,2,3,8,4,7,8,0,0,10,4,10,3,1,3,6,10,10,6,2,3,4,10,5,10,2,3
ba\,1,0,0,0,5,7,3,10,2,1,8,6,10,9,0,0,10,4,10,3,3,3,7,3,10,1,3,4,0,0,9,7,6,6
ba\,0,0,0,0,8,10,3,10,5,5,10,5,5,9,0,0,10,1,10,3,1,1,8,10,10,6,6,5,2,1,4,8,3,4
ba\,1,-1,0,0,4,7,3,10,5,4,6,3,8,8,0,0,10,3,10,3,1,2,6,10,10,8,3,3,5,10,3,10,6,4
ba\,0,0,1,1,4,10,2,10,3,3,10,7,0,0,0,0,10,5,10,3,9,10,1,1,10,1,5,6,4,8,8,9,8,7
ba\,1,0,0,0,5,9,2,10,3,2,8,6,10,7,0,0,10,4,10,1,5,3,5,3,10,1,4,4,0,0,7,7,8,8
ba\,1,0,0,0,5,9,3,10,2,1,10,6,10,7,0,0,10,5,10,1,7,4,3,3,10,3,3,4,0,0,7,7,7,8
ba\,1,0,0,0,2,3,2,6,0,0,8,6,10,7,2,4,10,7,10,2,6,4,4,2,10,2,7,2,0,0,7,8,7,8
ba\,1,0,0,0,3,6,2,10,3,3,6,4,4,6,0,0,10,6,10,7,4,10,4,10,10,3,8,7,0,0,0,0,5,4
ba\,0,1,1,3,5,8,2,10,4,4,10,7,10,10,0,0,10,3,10,2,1,1,9,5,10,4,4,5,6,10,6,10,3,3
ba\,1,0,0,0,3,9,2,10,2,3,10,4,7,5,0,0,10,3,10,1,7,5,3,3,10,1,8,5,2,4,7,8,7,6
ba\,1,0,0,0,4,6,2,10,2,2,0,0,10,3,0,0,10,4,4,2,6,10,7,10,10,6,2,1,0,0,5,4,3,2
ba\,1,-2,2,3,6,10,2,10,8,8,10,7,6,10,1,10,10,9,10,7,4,10,4,10,10,3,8,7,0,0,0,0,5,4
ba\,1,-1,0,0,1,6,3,7,3,3,9,4,3,4,10,3,10,4,10,1,0,0,10,4,10,1,6,4,1,10,7,10,6,7
ba\,1,-1,0,0,5,9,2,10,4,5,8,4,9,10,1,1,10,3,10,4,0,0,6,9,10,7,2,2,4,10,4,10,2,2
ba\,1,0,0,0,5,9,2,10,3,2,8,6,10,7,0,0,10,4,10,1,5,3,5,3,10,1,4,4,0,0,7,7,8,8
ba\,1,0,0,0,4,9,3,9,0,0,10,8,10,5,1,1,10,8,10,3,7,5,3,3,10,1,3,8,1,5,9,9,7,6
bha\,1,1,5,6,5,6,1,1,0,0,10,7,2,10,4,10,7,5,0,0,0,0,10,1,0,0,0,0,0,0,7,1,0,0
bha\,1,1,7,7,3,3,2,1,0,0,9,7,1,10,8,10,6,7,0,0,0,0,10,1,0,0,0,0,0,0,7,1,0,0
bha\,1,0,5,6,5,3,0,0,2,1,10,2,10,3,5,8,5,4,4,6,4,10,10,2,0,0,0,0,2,1,8,5,0,0
bha\,1,0,6,7,6,7,0,0,0,0,10,7,10,10,5,10,8,7,0,0,0,0,10,1,0,0,0,0,0,0,7,1,0,0
bha\,1,0,5,6,5,2,8,4,0,0,7,6,6,10,10,10,5,9,0,0,0,0,10,1,0,0,0,0,0,0,6,1,0,0
bha\,1,0,5,5,6,10,0,0,0,0,10,6,1,1,9,6,7,6,0,0,1,10,1,5,10,2,0,0,0,0,0,0,6,1
bha\,1,1,7,7,6,7,1,1,0,0,10,4,0,0,2,1,9,8,1,2,1,10,10,10,0,0,0,0,0,0,8,1,0,0
bha\,0,-1,2,5,2,4,6,6,7,9,10,3,10,3,10,1,10,7,6,8,6,10,10,10,1,2,0,0,0,0,8,1,0,0
bha\,1,1,7,7,6,7,1,1,0,0,10,4,0,0,2,1,9,8,1,2,1,10,10,10,0,0,0,0,0,0,8,1,0,0
bha\,0,0,8,7,8,7,6,5,7,9,10,3,8,7,10,4,10,7,5,6,4,10,8,10,1,1,0,0,8,2,0,0,0,0
bha\,1,0,5,6,6,8,0,0,0,0,9,6,6,10,6,10,8,6,0,0,0,0,10,1,0,0,0,0,0,0,8,1,0,0
bha\,1,-1,4,6,4,5,4,5,4,5,10,2,10,2,10,1,10,2,4,6,4,10,10,10,4,5,0,0,0,0,6,1,0,0
bha\,0,-7,2,5,2,4,9,10,9,8,10,9,5,5,9,10,10,8,8,8,5,10,7,10,4,5,0,0,1,1,8,1,0,0
bha\,1,0,5,8,5,5,0,0,3,8,10,3,5,3,10,2,10,3,4,6,1,10,10,10,4,8,0,0,0,0,8,1,0,0
bha\,1,0,0,0,0,0,5,7,6,8,9,8,3,3,10,3,10,6,6,8,3,10,10,10,2,2,0,0,1,1,8,1,0,0
bha\,1,-1,6,6,6,8,0,0,2,6,10,1,10,1,10,4,10,2,6,6,8,10,10,10,8,7,0,0,0,0,8,1,0,0
bha\,1,0,5,8,3,4,4,10,6,7,10,3,10,1,0,0,10,4,3,5,10,10,1,10,3,5,0,0,8,1,0,0,0,0
bha\,1,-1,6,7,6,4,6,5,6,8,10,4,10,5,10,1,10,3,1,4,1,5,10,10,1,4,0,0,0,0,6,1,0,0
cha\,1,1,8,1,0,0,0,0,0,0,10,6,5,10,2,10,6,6,10,4,0,0,0,0,10,4,2,1,1,3,4,10,3,3
cha\,1,1,8,1,0,0,0,0,0,0,10,4,6,10,2,10,7,7,10,4,0,0,0,0,10,3,1,1,1,1,4,10,4,4
cha\,1,1,4,1,0,0,0,0,0,0,10,4,6,10,1,10,7,6,7,3,0,0,0,0,10,1,0,0,0,0,3,3,7,6
cha\,1,1,7,5,3,1,0,0,0,0,0,0,10,10,2,10,5,6,9,5,1,1,0,0,10,3,5,3,0,0,6,9,3,3
cha\,1,1,6,1,0,0,0,0,0,0,10,6,5,10,3,10,5,6,10,4,0,0,0,0,10,3,2,1,1,1,5,10,4,4
cha\,1,1,9,3,0,0,1,7,0,0,10,7,6,10,2,3,8,6,10,3,0,0,0,0,10,4,6,1,0,0,5,9,5,4
cha\,1,1,9,3,0,0,0,0,0,0,10,4,7,10,2,10,8,7,10,5,0,0,0,0,10,2,6,3,0,0,2,3,8,8
cha\,1,1,9,8,2,5,0,0,0,0,10,4,4,10,2,10,8,8,9,8,1,5,0,0,10,3,0,0,0,0,4,10,5,5
cha\,1,1,8,6,0,0,0,0,0,0,10,3,6,9,2,10,6,6,10,4,1,1,0,0,10,5,3,4,2,4,5,10,2,3
cha\,1,1,9,6,0,0,0,0,0,0,2,2,8,10,2,10,9,8,10,2,0,0,0,0,10,3,0,0,2,2,2,4,7,5
cha\,1,1,8,1,0,0,0,0,0,0,10,1,7,10,1,10,6,6,10,6,0,0,0,0,10,3,3,1,2,3,3,10,5,6
cha\,1,1,6,1,0,0,1,4,0,0,10,4,9,10,1,6,9,6,10,3,0,0,0,0,10,3,2,1,0,0,5,9,3,2
cha\,1,1,9,6,0,0,0,0,0,0,5,3,6,10,2,10,6,6,10,3,0,0,0,0,10,3,2,1,5,10,4,10,3,2
cha\,1,0,9,3,6,10,3,10,5,6,10,7,5,10,2,10,10,9,10,6,0,0,0,0,10,4,6,1,0,0,5,9,5,4
cha\,0,1,9,7,0,0,0,0,0,0,8,3,3,10,1,10,8,7,7,3,1,1,0,0,10,5,0,0,0,0,4,9,2,2
cha\,0,1,9,9,0,0,0,0,0,0,10,4,4,10,2,10,8,6,5,1,0,0,0,0,10,1,0,0,0,0,0,0,5,5
cha\,1,1,9,3,0,0,0,0,0,0,10,8,4,10,3,10,9,7,10,1,0,0,0,0,10,2,0,0,0,0,1,1,8,7
cha\,1,1,8,1,0,0,0,0,0,0,10,1,7,10,1,10,6,6,10,6,0,0,0,0,10,3,3,1,2,3,3,10,5,6
chha\,1,-1,9,8,3,6,0,0,0,0,10,3,9,4,4,10,10,8,10,8,5,10,3,10,10,8,8,2,4,8,3,10,2,2
chha\,0,0,9,4,1,5,1,2,0,0,10,1,8,3,10,8,9,7,10,6,7,10,7,9,10,6,9,3,4,8,4,10,1,1
chha\,0,-1,9,8,5,6,7,8,7,7,10,1,5,5,2,2,10,1,10,3,7,10,6,10,10,7,8,7,4,10,3,10,1,1
chha\,1,-2,8,7,5,10,7,10,7,8,10,2,9,3,2,4,10,2,10,7,10,10,7,8,7,6,9,3,0,0,1,2,0,0
chha\,0,-1,8,7,3,7,1,1,0,0,10,2,7,4,5,9,10,8,10,7,7,10,3,10,10,8,8,1,3,6,3,10,0,0
chha\,0,-1,10,10,3,10,1,6,1,3,10,2,0,1,6,5,10,4,10,7,9,10,9,10,8,7,10,3,0,0,0,0,0,0
chha\,0,0,8,6,4,8,5,10,5,8,10,4,7,2,1,1,10,1,10,3,6,10,3,3,10,5,9,7,4,10,2,10,3,3
chha\,1,0,8,8,3,6,2,10,1,1,10,2,9,7,1,1,10,7,10,3,6,10,6,3,10,4,9,8,5,10,2,10,3,5
chha\,0,0,9,3,4,7,4,6,1,3,10,1,6,1,10,5,10,5,10,7,7,10,8,8,10,6,8,1,5,9,5,10,2,2
chha\,0,-1,8,7,2,8,2,5,2,3,10,3,3,3,6,5,10,4,10,8,6,10,1,10,10,7,9,2,3,7,1,10,1,2
chha\,0,-1,9,8,3,8,1,4,1,3,10,1,7,3,5,6,10,5,10,2,5,8,3,10,10,9,8,8,6,10,3,10,3,3
chha\,1,0,5,8,6,10,2,10,4,2,8,2,7,8,3,9,10,2,10,8,7,10,5,10,6,9,8,1,0,0,0,0,0,0
chha\,0,-1,9,8,4,7,1,6,1,1,10,1,9,3,3,4,10,8,10,2,5,8,4,10,10,7,8,8,5,10,4,10,2,3
chha\,1,0,9,7,4,10,6,10,6,8,10,1,4,1,2,6,10,1,10,7,10,10,5,5,8,8,9,2,1,5,1,5,0,0
chha\,1,-1,7,7,2,10,3,8,3,6,10,3,0,0,3,2,10,1,10,7,5,10,5,9,10,2,7,2,4,9,4,10,4,5
chha\,0,-9,8,7,7,10,9,10,9,9,10,2,4,1,2,6,10,1,10,7,10,10,6,10,10,8,9,7,2,8,2,10,0,0
chha\,1,-1,8,6,2,6,2,9,2,4,10,4,2,4,1,1,10,4,10,8,4,10,5,1,10,2,8,2,4,10,4,10,4,5
chha\,0,-1,9,8,3,8,1,4,1,3,10,1,7,3,5,6,10,5,10,2,5,8,3,10,10,9,8,8,6,10,3,10,3,3
dda\,0,1,9,1,0,0,5,6,0,0,10,1,4,7,4,5,9,6,10,2,10,3,10,3,10,2,8,8,1,3,4,6,4,6
dda\,0,1,9,1,0,0,4,7,0,0,10,1,5,8,5,5,8,7,10,1,10,2,10,2,10,2,8,8,1,2,5,8,4,6
dda\,0,1,8,1,1,5,1,1,7,6,10,1,10,4,10,4,10,2,10,9,8,3,10,6,10,8,8,1,0,0,0,0,1,1
dda\,0,1,0,0,1,3,7,3,8,7,7,3,10,8,0,0,10,1,10,6,2,1,8,6,10,6,8,1,0,0,1,4,1,1
dda\,0,1,8,1,1,5,2,3,5,7,10,1,10,5,6,1,10,4,10,8,7,1,10,4,10,5,8,3,0,0,2,6,2,4
dda\,0,1,8,1,2,8,2,6,6,6,10,1,10,3,10,3,10,3,10,2,8,1,10,3,10,5,8,7,0,0,2,7,1,3
dda\,0,1,9,3,0,0,4,3,1,1,10,1,9,8,8,4,10,5,10,7,9,3,10,3,10,2,9,2,0,0,3,5,3,5
dda\,0,1,10,3,0,0,4,9,0,1,10,1,10,10,9,3,10,6,10,7,5,2,9,10,8,7,10,3,0,0,0,0,0,0
dda\,0,1,5,2,1,2,4,5,6,6,10,1,10,5,10,5,10,2,10,7,7,3,7,7,7,8,9,3,0,0,0,0,0,0
dda\,0,1,9,4,0,0,2,2,0,0,10,1,6,6,7,8,9,6,10,6,10,5,10,2,10,2,9,3,0,0,3,5,3,5
dda\,0,1,9,1,0,0,4,7,0,0,10,1,5,8,5,5,8,7,10,1,10,2,10,2,10,2,8,8,1,2,5,8,4,6
dda\,0,1,8,1,0,0,3,6,0,0,10,1,4,7,5,6,8,6,10,2,10,2,10,4,10,1,8,7,1,5,4,6,4,6
dda\,0,1,9,1,0,0,0,0,0,0,10,3,3,10,8,3,9,9,10,8,0,0,9,8,9,9,9,1,0,0,0,0,0,0
dda\,0,1,8,1,0,0,4,7,0,0,10,1,5,7,4,5,8,6,10,1,10,1,10,3,10,2,8,8,3,4,6,7,6,7
dda\,0,1,5,2,2,3,1,1,8,8,10,1,10,4,10,3,10,2,10,8,5,3,5,7,5,7,9,2,0,0,0,0,0,0
dda\,1,1,6,1,2,3,2,4,2,2,10,1,10,3,10,2,10,2,10,7,10,5,10,3,10,1,7,2,0,0,3,3,3,6
dda\,1,1,7,1,2,4,0,0,3,4,10,1,10,5,4,1,10,3,10,3,8,1,10,4,10,3,8,7,0,0,2,6,2,5
dda\,0,-3,5,2,5,8,5,5,8,8,10,1,10,8,10,5,10,3,10,8,7,4,8,8,8,9,9,2,0,0,0,0,0,0
ddha\,0,-1,8,1,1,1,2,10,0,0,10,1,10,4,0,0,10,7,10,8,9,6,8,5,10,8,8,2,0,0,3,4,3,6
ddha\,0,0,9,4,0,0,1,1,0,0,10,1,9,5,3,9,9,6,10,6,9,5,10,7,10,5,9,2,0,0,3,6,3,5
ddha\,0,0,7,2,5,4,3,10,6,7,10,1,10,3,6,5,10,8,10,7,7,3,8,6,8,7,9,3,0,0,0,0,0,0
ddha\,0,1,7,1,6,6,2,10,6,6,10,1,10,3,2,5,10,3,10,7,2,3,7,6,7,7,9,3,0,0,0,0,0,0
ddha\,0,1,8,1,4,4,2,10,6,6,10,1,10,3,3,4,10,6,10,9,7,6,10,2,10,5,8,1,0,0,3,4,3,5
ddha\,0,0,8,1,0,0,2,9,2,3,10,1,9,6,3,4,10,7,10,8,7,5,10,3,10,4,8,1,0,0,2,5,2,3
ddha\,0,0,8,1,5,5,2,10,7,7,10,1,10,3,2,5,10,6,10,8,8,3,10,4,10,4,9,3,0,0,4,8,3,5
ddha\,0,0,9,3,2,3,2,10,0,0,10,1,10,3,0,0,10,6,10,2,10,3,9,7,10,8,9,7,1,2,4,7,4,6
ddha\,0,0,7,1,3,3,3,10,0,0,10,1,10,3,0,0,10,6,10,2,10,1,8,6,10,8,8,8,2,3,5,6,5,7
ddha\,0,0,8,1,0,0,1,7,0,0,10,1,10,5,1,3,9,7,10,7,9,5,8,6,10,8,8,2,0,0,4,5,4,6
ddha\,2,0,8,1,2,3,2,10,1,2,10,1,10,5,2,8,10,8,10,8,10,5,2,2,10,5,8,2,0,0,4,10,3,5
ddha\,0,0,8,1,2,3,2,10,1,1,10,1,10,3,0,0,10,7,10,8,8,5,9,7,10,8,8,1,0,0,3,6,3,6
ddha\,0,0,9,1,0,0,0,0,0,0,10,3,7,10,2,10,9,9,10,8,0,0,8,6,10,9,9,3,1,2,3,6,4,7
ddha\,0,0,8,1,2,3,2,10,1,1,10,1,10,3,0,0,10,6,10,8,10,6,8,7,10,8,8,1,0,0,4,7,4,7
ddha\,0,0,5,1,4,4,2,10,6,8,10,1,10,3,3,8,10,8,10,8,8,3,6,8,5,6,8,3,0,0,0,0,0,0
ddha\,1,0,6,1,1,2,2,10,2,5,10,1,10,3,0,0,10,2,10,7,9,8,7,4,10,8,7,2,0,0,4,4,4,8
ddha\,0,0,8,1,3,5,1,10,3,4,10,1,10,4,0,0,10,3,10,8,8,1,9,4,10,7,8,3,0,0,2,3,2,5
ddha\,0,-4,6,3,7,8,4,10,9,8,10,1,10,5,3,8,10,8,10,8,10,4,8,9,7,7,8,8,1,1,0,0,0,0
dha\,0,1,4,6,4,8,1,1,1,2,10,3,2,2,10,9,10,6,1,2,0,0,10,1,10,3,0,0,0,0,1,1,7,6
dha\,1,0,6,6,6,7,4,5,4,5,10,4,10,6,10,5,10,2,2,5,1,2,9,5,10,3,0,0,0,0,3,5,6,4
dha\,0,1,3,4,4,8,6,7,6,6,10,5,6,4,10,3,10,2,8,8,4,2,3,1,10,4,0,0,0,0,6,5,3,4
dha\,1,-3,7,7,8,10,8,8,9,8,10,9,4,10,10,10,10,9,10,8,9,3,10,1,10,3,3,7,0,0,0,0,9,6
dha\,0,0,6,7,6,9,2,4,2,5,10,8,9,4,10,6,10,3,0,0,0,0,5,2,10,4,0,0,0,0,3,4,5,5
dha\,0,1,3,4,3,6,6,7,6,6,10,4,8,6,10,3,10,3,9,8,9,4,7,1,10,2,0,0,0,0,0,0,9,5
dha\,1,0,6,6,6,9,3,7,2,5,10,8,8,3,10,3,10,5,3,7,1,3,1,3,10,3,0,0,0,0,1,4,7,6
dha\,0,0,5,5,6,8,4,4,4,5,10,2,10,6,10,6,10,3,8,8,6,4,6,2,10,2,0,0,0,0,1,1,8,5
dha\,0,1,3,5,3,5,6,4,7,7,10,3,10,8,10,3,10,1,10,5,9,4,7,3,10,3,1,3,0,0,2,2,8,6
dha\,1,0,6,7,6,9,0,0,0,0,9,7,9,10,10,10,10,8,0,0,0,0,10,2,10,3,0,0,0,0,0,0,6,4
dha\,1,0,6,7,6,9,3,6,3,3,10,3,10,6,10,4,10,5,1,4,0,0,8,1,10,3,0,0,0,0,3,3,6,5
dha\,0,0,6,6,6,7,0,0,0,0,10,4,10,9,10,10,10,7,1,3,1,1,10,3,10,2,0,0,0,0,3,5,7,6
dha\,1,1,2,2,3,6,2,3,3,5,10,6,3,4,10,7,10,4,10,8,5,3,10,1,10,3,0,0,0,0,0,0,9,6
dha\,0,1,6,7,6,10,1,3,1,4,10,2,0,0,10,7,10,4,3,4,0,0,10,1,10,2,0,0,0,0,3,2,8,7
dha\,0,1,7,7,7,9,2,5,2,4,10,7,1,1,10,5,10,3,0,0,0,0,10,3,10,3,0,0,0,0,1,1,7,6
dha\,1,0,3,6,3,10,3,5,3,5,10,3,10,1,8,5,10,2,7,7,7,4,0,0,10,1,0,0,0,0,0,0,8,5
dha\,1,1,4,4,4,9,2,2,2,3,10,3,1,1,10,8,10,3,6,7,3,4,1,1,10,1,0,0,0,0,0,0,9,5
dha\,1,1,3,7,3,6,4,8,4,6,10,2,10,6,3,2,10,3,4,7,3,3,0,0,10,3,0,0,0,0,0,0,9,4
dhyna\,0,1,9,1,1,5,0,0,1,1,10,1,10,4,7,1,10,6,10,1,10,1,5,10,5,2,8,8,3,10,1,10,1,3
dhyna\,0,0,9,2,4,9,8,7,5,1,10,2,10,4,8,5,6,9,10,4,2,3,2,10,1,1,8,8,1,10,1,2,4,6
dhyna\,0,1,9,3,5,2,3,3,0,0,10,1,10,5,9,10,6,8,10,2,10,7,1,10,0,0,9,7,1,3,0,0,2,3
dhyna\,0,1,5,2,3,2,7,5,4,6,10,1,10,7,6,8,3,1,10,8,9,10,3,10,7,9,8,3,0,0,0,0,1,1
dhyna\,2,1,9,1,3,7,2,1,0,0,10,1,10,3,7,2,9,7,10,1,10,1,5,9,3,1,8,8,4,10,1,10,1,4
dhyna\,0,1,10,3,0,0,0,0,0,0,10,0,9,7,6,10,9,8,10,7,9,10,0,10,6,9,10,3,0,0,0,0,1,2
dhyna\,0,1,8,1,4,9,3,2,0,0,10,1,10,3,1,1,9,8,10,1,10,1,3,10,7,3,9,8,3,10,1,10,6,7
dhyna\,0,0,8,1,0,0,3,8,0,0,10,2,7,7,10,6,9,2,10,2,6,3,7,10,6,9,8,8,1,10,1,10,1,2
dhyna\,0,1,9,2,7,2,3,2,3,2,10,1,10,7,4,10,10,8,10,2,10,5,0,0,1,1,9,7,1,5,1,10,1,6
dhyna\,0,-5,6,2,5,8,9,5,6,9,10,1,10,3,10,10,8,5,10,8,9,10,4,10,5,6,9,8,2,10,1,7,0,0
dhyna\,2,1,9,1,2,6,1,1,0,0,10,1,10,4,4,1,10,6,10,1,10,2,5,10,2,1,8,8,4,10,1,10,1,4
dhyna\,2,1,7,1,2,6,1,1,2,2,10,1,10,2,10,4,10,7,10,1,10,1,2,6,1,1,7,7,2,9,1,10,1,4
dhyna\,0,1,6,2,3,8,4,3,5,7,10,1,10,3,9,10,6,4,10,1,10,3,2,10,3,5,9,8,1,8,0,0,0,0
dhyna\,0,1,8,1,4,8,1,2,3,2,10,2,6,3,4,2,10,7,10,2,0,0,2,9,4,3,8,8,1,10,1,10,8,8
dhyna\,1,1,9,3,0,0,4,2,0,0,10,7,0,0,10,6,1,1,10,2,5,10,5,4,10,6,7,1,0,0,0,0,0,0
dhyna\,0,1,7,7,4,5,6,2,0,0,10,1,10,2,2,1,9,5,10,1,9,5,9,9,7,2,7,1,0,0,0,0,0,0
dhyna\,0,1,9,0,1,4,4,3,2,7,10,1,9,6,4,3,8,3,10,1,7,5,4,10,3,8,9,9,2,8,0,0,5,2
dhyna\,2,1,9,1,3,7,2,1,0,0,10,1,10,3,7,2,9,7,10,1,10,1,5,9,3,1,8,8,4,10,1,10,1,4
ga\,1,1,8,1,0,0,0,0,0,0,10,1,0,0,5,4,5,2,10,6,1,10,4,10,4,4,7,1,0,0,0,0,0,0
ga\,1,1,6,1,0,0,0,0,0,0,10,1,0,0,3,1,1,1,10,6,1,10,4,10,4,6,7,1,0,0,0,0,0,0
ga\,1,1,9,5,0,0,0,0,0,0,10,5,1,2,1,1,8,5,10,1,4,8,2,10,2,3,9,5,0,0,0,0,0,0
ga\,1,1,7,1,0,0,0,0,0,0,10,1,0,0,3,1,1,1,10,6,1,10,4,10,7,7,7,1,0,0,0,0,0,0
ga\,1,1,7,1,2,1,5,10,6,7,10,1,6,1,1,1,10,2,10,8,3,10,3,10,6,6,8,1,0,0,0,0,0,0
ga\,1,0,8,1,0,0,3,9,3,6,10,1,9,2,1,1,10,3,10,8,5,10,1,10,5,7,8,1,0,0,0,0,0,0
ga\,1,1,9,4,0,0,0,0,0,0,10,3,0,0,1,3,7,6,10,5,1,10,1,8,0,0,7,1,0,0,0,0,0,0
ga\,0,0,8,1,0,0,0,0,0,0,10,1,6,3,4,10,10,7,10,8,9,10,3,10,7,6,8,1,0,0,0,0,0,0
ga\,1,1,6,3,0,0,0,0,4,2,10,1,0,0,2,4,8,3,10,5,4,10,1,6,0,0,7,3,0,0,0,0,0,0
ga\,0,1,6,4,2,4,8,9,8,8,10,3,0,0,10,3,10,1,10,2,0,0,6,7,10,7,6,6,2,10,4,10,3,3
ga\,1,1,9,6,0,0,0,0,0,0,10,1,0,0,0,0,4,2,10,4,1,10,3,10,7,8,9,4,0,0,0,0,0,0
ga\,1,1,7,1,0,0,0,0,0,0,10,1,0,0,3,1,1,1,10,6,1,10,4,10,7,7,7,1,0,0,0,0,0,0
ga\,1,1,7,1,0,0,0,0,0,0,10,1,0,0,9,4,0,0,10,6,1,10,6,10,7,7,7,1,0,0,0,0,0,0
ga\,1,0,6,1,0,0,6,8,6,8,10,1,0,0,10,3,10,3,10,7,2,10,9,10,6,6,8,1,0,0,0,0,0,0
ga\,1,0,4,1,0,0,0,0,0,0,10,2,0,0,10,7,10,7,10,6,4,10,9,10,9,7,6,1,0,0,0,0,0,0
ga\,1,1,8,1,0,0,5,10,5,7,10,3,0,0,1,1,10,2,10,8,1,10,1,10,3,5,8,1,0,0,0,0,0,0
ga\,0,-2,6,1,0,0,9,10,9,8,10,2,0,0,10,4,10,8,10,7,5,10,6,10,6,7,8,1,0,0,0,0,0,0
ga\,1,0,9,1,0,0,0,0,0,0,10,1,0,0,10,7,10,9,10,9,1,3,10,2,10,6,8,2,1,7,2,9,1,3
gha\,1,1,8,1,0,0,0,0,0,0,10,7,5,10,6,10,6,8,10,1,0,0,10,2,10,2,1,1,0,0,1,1,7,4
gha\,1,-3,8,7,8,10,7,8,8,8,10,7,5,7,10,10,10,9,10,1,0,0,10,1,10,3,8,1,0,0,0,0,7,5
gha\,1,1,9,5,0,0,0,0,0,0,10,5,7,10,6,10,5,6,10,1,0,0,8,2,10,3,3,2,0,0,3,4,6,5
gha\,1,1,9,3,0,0,1,1,1,2,10,7,5,10,10,9,10,5,10,2,1,1,8,3,10,2,8,3,0,0,2,1,8,6
gha\,1,1,7,1,0,0,0,0,0,0,10,7,4,10,6,10,6,7,10,1,0,0,10,2,10,2,4,1,0,0,1,1,9,8
gha\,0,1,9,4,0,0,0,0,0,0,10,6,4,10,6,10,6,7,10,1,1,1,4,2,10,3,9,4,0,0,1,1,4,4
gha\,1,1,8,1,0,0,0,0,0,0,10,8,7,10,8,10,8,7,10,1,5,4,4,1,10,2,1,1,0,0,3,4,7,6
gha\,0,1,8,7,2,2,7,6,7,7,10,3,10,6,10,3,10,3,10,1,3,3,6,2,10,3,7,1,0,0,2,2,6,6
gha\,1,1,9,4,0,0,0,0,0,0,10,6,6,10,9,10,9,8,10,1,0,0,10,4,10,2,6,1,0,0,2,2,7,6
gha\,1,1,6,6,1,3,0,0,0,0,10,4,5,7,10,10,10,7,10,1,0,0,10,7,10,2,2,1,0,0,2,2,7,6
gha\,1,1,8,7,2,5,2,8,1,3,10,4,10,5,2,2,10,6,10,1,6,6,1,3,10,3,8,1,0,0,3,8,7,6
gha\,1,1,8,1,0,0,2,6,2,3,10,8,9,10,8,4,10,4,10,1,8,1,0,0,10,3,8,1,0,0,0,0,9,6
gha\,1,1,8,1,0,0,0,0,0,0,10,7,9,10,6,10,8,7,9,1,6,1,0,0,10,2,0,0,0,0,1,1,8,6
gha\,1,1,8,1,0,0,0,0,0,0,10,7,6,10,7,10,7,8,10,1,0,0,9,1,10,2,0,0,0,0,0,0,9,8
gha\,0,1,9,7,3,7,2,3,3,5,10,4,4,4,10,7,10,3,10,1,0,0,10,1,10,3,8,2,0,0,0,0,7,5
gha\,1,1,5,1,0,0,0,0,0,0,10,6,4,10,10,10,10,7,10,2,0,0,3,1,10,1,5,1,0,0,0,0,9,6
gha\,1,1,7,1,0,0,0,0,0,0,10,8,4,10,5,8,5,5,10,3,0,0,10,3,10,2,8,1,0,0,0,0,8,5
gha\,1,1,9,1,0,0,0,0,0,0,10,8,4,10,8,10,8,8,10,1,0,0,6,1,10,1,8,1,0,0,0,0,7,4
ha\,0,1,8,1,2,3,1,3,0,0,10,1,10,6,10,7,10,6,10,8,8,2,10,6,10,1,8,1,0,0,1,4,0,0
ha\,0,1,10,3,1,5,2,6,1,2,10,0,10,4,6,4,10,6,10,7,8,2,2,1,10,2,10,3,0,0,0,0,0,0
ha\,0,-8,6,1,3,8,9,10,9,9,10,2,10,10,5,5,10,5,10,8,9,3,6,10,6,3,9,8,0,0,0,0,0,0
ha\,0,1,8,1,1,6,5,8,5,7,10,2,10,5,3,3,10,3,10,4,10,1,0,0,10,3,8,7,3,3,5,3,1,1
ha\,0,1,8,1,2,5,1,4,1,2,10,1,10,4,10,6,10,5,10,1,10,2,10,1,10,1,7,8,0,0,8,1,0,0
ha\,0,1,9,2,4,10,3,10,4,5,10,2,10,1,0,0,10,3,10,6,1,1,9,1,5,7,9,1,0,0,7,1,0,0
ha\,0,1,6,2,1,1,5,7,6,7,10,1,10,10,4,4,10,3,10,8,6,3,5,10,5,2,9,3,0,0,0,0,0,0
ha\,0,1,6,2,1,5,6,8,7,7,10,1,10,5,10,2,8,2,10,8,4,1,10,1,0,0,9,4,0,0,6,2,0,0
ha\,0,1,9,2,4,8,6,10,6,6,10,2,10,3,0,0,10,4,10,8,10,1,0,0,7,2,5,1,9,1,0,0,0,0
ha\,0,1,9,3,0,0,0,0,0,0,10,1,8,7,8,10,7,6,10,7,8,3,10,1,10,3,9,3,0,0,6,2,1,1
ha\,1,1,6,1,0,0,0,0,0,0,10,1,9,9,10,10,10,8,10,7,9,1,10,2,4,1,6,1,0,0,2,4,0,0
ha\,0,1,9,2,2,5,0,0,0,0,10,1,10,5,8,10,8,6,10,2,9,2,10,2,10,5,8,6,0,0,3,8,1,1
ha\,1,1,7,1,0,0,0,0,0,0,10,1,10,9,9,10,9,6,10,2,10,3,10,2,10,3,8,8,1,2,3,8,1,1
ha\,0,1,8,1,0,0,0,0,0,0,10,2,9,10,4,10,10,7,10,5,10,1,0,0,6,2,8,7,7,2,0,0,0,0
ha\,1,1,7,1,0,0,1,5,1,5,10,1,10,9,10,5,10,3,10,8,8,2,10,6,10,3,8,2,0,0,6,4,2,1
ha\,1,1,9,1,0,0,0,0,0,0,10,3,9,10,6,10,9,9,10,7,7,1,6,3,10,1,8,1,0,0,2,7,2,1
ha\,0,1,7,1,2,4,0,0,0,0,10,1,10,4,8,10,8,5,10,1,10,1,10,1,10,3,7,8,3,2,5,9,3,2
ha\,0,1,8,1,2,5,1,4,1,2,10,1,10,4,10,6,10,5,10,1,10,2,10,1,10,1,7,8,0,0,8,1,0,0
ja\,1,1,1,3,3,10,3,7,0,0,3,3,0,0,2,3,8,8,6,3,5,10,1,10,8,8,8,1,0,0,0,0,0,0
ja\,1,1,3,9,3,10,4,9,0,0,1,1,0,0,1,1,10,8,8,3,4,10,1,10,8,8,7,1,0,0,0,0,0,0
ja\,1,1,5,9,4,10,3,6,0,0,0,0,0,0,3,4,7,7,7,4,4,10,2,10,8,7,8,1,0,0,0,0,0,0
ja\,1,1,0,0,3,9,5,7,0,0,8,4,0,0,2,3,8,6,10,4,5,10,3,10,5,6,7,1,0,0,0,0,0,0
ja\,1,1,5,6,2,10,2,10,6,7,2,2,0,0,0,0,10,2,10,7,2,10,2,10,5,6,8,1,0,0,0,0,0,0
ja\,1,1,2,6,4,10,4,9,0,0,0,0,0,0,1,1,9,8,10,6,4,10,1,10,9,8,8,1,0,0,0,0,0,0
ja\,1,1,2,1,2,10,4,10,2,2,0,0,0,0,0,0,10,4,9,6,4,10,3,10,7,6,7,1,0,0,0,0,0,0
ja\,1,1,0,0,2,4,4,10,2,4,2,1,5,2,0,0,10,4,5,3,6,10,4,10,3,3,8,5,0,0,0,0,0,0
ja\,1,1,1,5,1,3,4,9,8,5,10,3,0,0,0,0,10,3,10,4,6,10,2,10,7,6,8,1,0,0,0,0,0,0
ja\,1,1,5,9,1,10,3,10,5,5,3,1,0,0,0,0,10,2,10,4,4,10,3,10,7,6,9,6,0,0,0,0,0,0
ja\,1,1,1,1,5,10,4,7,0,0,5,4,0,0,2,3,8,4,10,3,3,10,3,10,4,4,6,3,3,3,0,0,0,0
ja\,1,-3,0,0,9,10,3,10,8,8,2,3,1,1,0,0,10,5,10,7,1,10,6,10,6,6,9,4,0,0,0,0,0,0
ja\,1,1,2,6,4,10,4,9,0,0,0,0,0,0,1,1,9,8,10,6,4,10,1,10,9,8,8,1,0,0,0,0,0,0
ja\,1,1,2,8,4,10,4,8,0,0,4,3,0,0,2,3,8,5,10,6,4,10,3,10,5,5,5,1,0,0,0,0,0,0
ja\,1,1,0,0,1,1,1,10,6,6,0,0,0,0,0,0,10,1,10,6,2,10,1,10,7,6,6,1,0,0,0,0,0,0
ja\,1,1,0,0,6,10,1,10,4,6,4,4,0,0,0,0,10,4,10,7,1,10,4,10,4,5,9,4,0,0,0,0,0,0
ja\,1,1,0,0,0,0,2,7,3,3,2,8,0,0,0,0,10,3,10,6,1,10,2,10,5,4,8,1,0,0,0,0,0,0
ja\,1,1,5,2,0,0,1,8,6,8,10,8,0,0,0,0,10,6,10,1,2,10,2,10,1,3,9,2,0,0,0,0,0,0
k\,1,0,8,1,1,3,1,5,0,0,10,1,10,5,10,5,0,0,10,8,10,10,7,10,2,6,3,1,8,3,0,0,0,0
k\,1,1,8,1,2,3,2,8,0,0,10,1,10,4,3,3,8,2,10,8,4,10,6,10,4,8,3,1,8,5,0,0,0,0
k\,1,0,7,1,2,4,1,10,2,2,10,1,10,3,0,0,10,3,10,7,10,10,1,10,8,7,6,1,7,3,0,0,0,0
k\,1,1,9,1,5,10,4,10,1,2,10,4,3,10,4,6,10,7,10,8,10,10,1,4,4,8,9,1,4,9,3,5,0,0
k\,0,-5,7,1,8,8,4,10,9,4,10,1,10,6,2,5,10,9,10,8,7,10,4,10,5,9,8,2,8,3,0,0,0,0
k\,0,1,8,1,6,9,6,10,0,0,10,1,10,3,3,2,7,1,10,9,5,10,5,10,9,9,8,1,9,8,0,0,2,2
k\,1,1,8,1,2,4,2,7,0,0,10,1,9,4,4,3,6,1,10,8,4,10,6,10,2,8,2,1,8,3,0,0,0,0
k\,1,0,8,1,5,5,2,10,4,3,10,1,10,3,0,0,10,5,10,8,10,10,3,10,2,6,8,2,8,3,0,0,0,0
k\,1,0,9,3,4,6,4,8,0,0,10,1,10,3,10,3,0,0,10,7,5,10,9,10,1,9,8,1,8,3,0,0,0,0
k\,1,0,10,3,1,3,3,8,0,0,10,1,10,3,10,3,0,0,10,7,10,10,6,10,3,10,10,3,8,3,0,0,0,0
k\,1,0,8,2,7,8,7,5,0,0,10,1,10,3,10,4,1,6,10,8,10,10,2,6,7,3,7,2,9,2,0,0,0,0
k\,1,0,9,2,7,8,3,10,5,3,10,1,10,3,1,2,9,3,10,8,10,10,7,10,4,9,9,3,7,5,0,0,0,0
k\,0,0,9,4,0,0,1,4,0,0,10,1,9,5,3,6,7,1,10,6,5,10,10,10,3,8,6,3,0,0,9,3,1,1
k\,1,1,8,1,2,4,2,7,0,0,10,1,9,4,4,3,6,1,10,8,4,10,6,10,2,8,2,1,8,3,0,0,0,0
k\,1,0,8,1,2,6,1,10,2,3,10,1,10,4,0,0,10,3,10,8,10,10,2,10,4,8,10,3,5,4,0,0,0,0
k\,1,1,8,1,0,0,0,0,0,0,10,1,10,8,10,10,0,0,10,8,5,10,8,10,1,8,5,1,9,3,0,0,0,0
k\,1,1,7,1,1,5,1,6,0,0,10,1,9,3,10,4,0,0,10,8,2,7,9,10,8,9,8,3,6,3,0,0,7,4
k\,1,0,9,1,2,9,2,10,1,1,10,3,2,1,0,0,10,5,10,8,1,10,1,10,7,9,9,2,5,7,0,0,0,0
kshya\,1,0,3,6,3,5,4,10,5,3,10,3,10,6,0,0,10,2,3,6,10,4,0,0,10,7,0,0,6,3,0,0,0,0
kshya\,0,0,4,7,4,8,4,10,6,4,10,3,10,5,0,0,10,2,3,5,10,4,0,0,9,8,0,0,9,4,0,0,0,0
kshya\,0,0,4,7,3,6,4,10,5,3,10,2,10,5,0,0,10,1,4,6,10,5,0,0,9,8,0,0,8,4,0,0,0,0
kshya\,0,0,4,5,3,3,5,9,0,0,10,2,10,7,1,1,9,2,7,6,10,10,4,4,7,4,0,0,9,6,0,0,4,6
kshya\,1,0,0,0,2,1,6,10,4,1,7,8,10,9,9,3,8,8,9,9,10,9,1,1,0,0,0,0,9,5,0,0,0,0
kshya\,1,0,2,6,2,1,2,9,0,0,10,2,10,9,2,1,8,1,10,2,10,2,0,0,10,4,3,7,3,3,3,3,6,5
kshya\,0,0,3,6,1,2,4,10,5,4,10,3,10,8,1,0,10,3,2,5,10,7,2,4,10,6,0,0,7,1,0,0,4,2
kshya\,0,0,6,8,6,8,1,10,3,1,10,8,10,6,0,0,10,3,0,0,10,2,1,2,10,8,0,0,8,1,0,0,4,1
kshya\,0,1,0,0,0,0,4,9,3,2,7,8,9,6,1,1,10,3,10,2,10,3,0,0,10,7,5,7,3,3,4,3,1,1
kshya\,0,0,6,7,5,7,6,10,0,0,10,3,10,6,1,1,9,1,3,5,10,3,4,3,7,7,0,0,8,5,0,0,0,0
kshya\,0,-1,7,6,7,7,5,10,4,3,10,1,10,4,2,7,10,3,8,7,10,6,10,9,9,8,0,0,9,4,0,0,0,0
kshya\,0,0,7,7,6,6,7,9,0,0,10,3,10,5,3,1,7,1,3,5,10,4,6,4,8,8,0,0,9,6,0,0,3,1
kshya\,0,0,1,3,3,3,3,10,2,2,10,6,10,8,0,0,10,3,7,8,7,5,1,3,10,8,0,0,0,0,0,0,8,2
kshya\,0,-5,1,3,5,3,5,10,8,5,10,8,10,6,2,4,10,5,10,3,10,5,5,6,10,9,8,8,8,5,5,6,3,8
kshya\,0,1,0,0,0,0,5,9,4,2,8,8,8,6,2,1,10,2,10,1,10,3,2,1,10,7,5,8,5,5,2,1,9,3
kshya\,0,0,4,7,3,6,4,10,5,3,10,2,10,5,0,0,10,1,4,6,10,5,0,0,9,8,0,0,8,4,0,0,0,0
kshya\,0,0,3,6,4,7,4,10,2,2,10,2,10,4,0,0,10,2,3,6,10,4,1,2,9,7,0,0,9,5,0,0,0,0
kshya\,1,0,5,8,5,8,1,10,5,3,10,9,10,6,0,0,10,4,0,0,10,2,3,2,1,7,0,0,8,3,0,0,0,0
la\,0,1,5,4,2,10,5,9,0,0,10,2,0,0,1,1,9,7,8,6,7,9,0,0,2,1,8,6,0,0,0,0,0,0
la\,0,1,6,6,2,10,6,10,0,0,10,2,0,0,0,0,10,7,7,6,6,10,1,1,0,0,7,6,0,0,0,0,0,0
la\,0,1,4,4,3,10,5,9,0,0,10,4,2,1,1,1,7,6,5,2,6,10,0,0,0,0,8,3,0,0,0,0,0,0
la\,0,1,3,3,4,10,2,10,4,5,10,5,5,3,0,0,6,3,10,5,5,5,0,0,0,0,9,3,0,0,0,0,0,0
la\,0,1,4,5,2,10,7,10,0,0,10,3,0,0,0,0,10,9,6,5,6,10,2,4,1,1,6,5,1,1,0,0,0,0
la\,0,1,3,3,4,10,3,10,3,3,10,2,0,0,0,0,9,6,3,3,8,9,0,0,0,0,3,1,3,2,0,0,0,0
la\,0,1,5,6,2,10,6,9,0,0,10,3,0,0,1,1,9,7,5,3,5,6,0,0,4,2,8,2,0,0,0,0,0,0
la\,0,1,4,4,4,10,1,10,6,7,10,4,0,0,0,0,10,2,10,8,3,7,0,0,4,4,8,2,0,0,0,0,0,0
la\,0,1,3,3,5,10,4,10,5,5,10,4,0,0,0,0,10,3,7,5,8,9,0,0,8,5,7,5,2,1,0,0,0,0
la\,0,1,6,6,2,10,5,10,2,2,10,2,0,0,0,0,10,5,7,6,5,10,1,1,3,1,7,6,1,1,0,0,0,0
la\,1,1,1,1,3,10,1,10,4,4,10,4,0,0,0,0,6,2,9,5,1,4,0,0,0,0,5,5,1,1,0,0,0,0
la\,0,1,2,2,5,10,4,10,3,3,10,4,0,0,0,0,10,4,6,5,5,10,2,3,5,5,3,6,6,6,0,0,0,0
la\,0,1,4,4,3,10,1,10,5,7,10,3,0,0,1,3,10,9,6,5,4,8,0,0,0,0,8,4,0,0,0,0,0,0
la\,0,-3,4,4,7,10,3,10,8,8,10,9,3,6,0,0,10,4,10,7,6,10,8,3,3,2,9,6,0,0,0,0,0,0
la\,0,1,6,6,2,10,5,10,2,2,10,2,0,0,0,0,10,5,7,6,5,10,1,1,3,1,7,6,1,1,0,0,0,0
la\,0,1,4,4,1,10,1,10,4,5,10,3,1,1,0,0,10,3,10,7,9,7,0,0,8,5,9,4,0,0,0,0,0,0
la\,0,1,4,6,2,10,1,10,5,7,10,3,0,0,0,0,4,2,10,7,1,8,0,0,0,0,9,3,0,0,0,0,0,0
la\,0,1,6,6,1,10,6,9,0,0,10,3,0,0,1,1,9,7,8,3,6,9,0,0,2,1,8,4,0,0,0,0,0,0
lla\,0,-1,9,1,1,1,2,10,3,6,10,1,9,4,1,1,10,4,10,7,7,10,3,10,10,8,8,2,4,5,2,10,5,7
lla\,0,-1,9,1,3,5,1,10,4,7,10,1,9,5,1,1,10,5,10,2,6,7,4,10,10,8,8,7,5,9,1,10,6,8
lla\,0,-1,9,1,3,4,1,10,4,7,10,1,9,5,1,1,10,6,10,8,7,10,3,10,10,8,8,1,4,6,1,10,5,8
lla\,0,1,9,1,5,7,1,10,6,8,10,1,8,7,2,6,9,9,10,8,9,10,1,4,10,7,8,1,4,8,1,10,4,6
lla\,0,0,7,1,1,1,3,10,3,7,10,1,10,3,0,0,10,1,10,7,8,10,3,10,10,3,7,2,3,3,1,10,4,8
lla\,0,-1,9,1,6,8,2,10,8,8,10,1,10,5,3,5,7,8,10,8,10,10,5,6,9,6,8,1,3,2,1,10,3,5
lla\,0,-4,6,1,8,8,4,10,10,8,10,1,9,6,5,10,9,8,10,8,10,10,2,10,10,8,9,8,2,9,2,10,0,1
lla\,0,-1,9,4,0,0,2,9,2,4,10,1,9,3,1,1,10,5,10,6,6,10,4,10,10,7,9,3,4,4,1,10,4,6
lla\,0,-1,8,1,1,1,4,10,4,6,10,1,9,3,1,1,10,4,10,2,4,4,6,10,10,7,8,7,5,10,2,10,7,7
lla\,0,-1,9,1,3,4,1,10,4,7,10,1,9,5,1,1,10,6,10,8,7,10,3,10,10,8,8,1,4,6,1,10,5,8
lla\,0,1,7,1,5,7,2,10,7,8,10,1,9,6,5,10,9,8,10,8,10,7,1,5,9,8,9,3,0,4,0,5,0,0
lla\,0,-1,9,1,2,3,2,10,2,5,10,1,10,4,0,0,10,6,10,8,10,10,2,10,10,7,9,1,3,6,1,10,3,6
lla\,0,-1,9,3,0,0,3,9,3,5,10,1,9,3,1,1,10,4,10,2,5,4,5,10,10,8,9,6,5,10,2,10,6,8
lla\,0,-2,10,3,4,5,1,10,4,8,10,0,8,6,3,10,10,8,10,7,10,10,1,1,10,8,10,3,2,4,1,10,2,4
lla\,0,1,9,1,5,4,3,10,8,7,10,1,9,4,4,8,10,7,10,7,9,10,2,2,10,4,9,2,0,1,1,10,1,3
lla\,0,1,9,1,3,5,1,10,3,5,10,1,8,7,1,2,10,5,10,8,9,10,1,10,7,9,9,2,5,7,1,10,5,8
lla\,0,-1,8,1,2,3,2,10,4,7,10,1,9,5,1,3,10,5,10,7,8,10,2,9,10,8,8,1,3,4,1,10,4,7
lla\,1,-1,8,1,3,7,1,10,3,5,10,1,10,9,1,10,10,6,10,1,10,3,0,0,10,2,8,8,4,10,1,10,4,6
ma\,1,1,8,1,0,0,1,1,0,0,10,7,1,10,6,10,5,4,10,1,0,0,10,1,0,0,0,0,0,0,7,1,0,0
ma\,1,1,8,1,0,0,0,0,0,0,10,7,1,10,9,10,3,7,9,1,0,0,10,1,0,0,0,0,0,0,7,1,0,0
ma\,1,1,9,3,0,0,0,0,1,1,10,6,1,10,4,10,6,6,10,1,0,0,10,1,0,0,5,1,0,0,8,1,0,0
ma\,1,1,6,1,0,0,0,0,0,0,10,7,1,10,4,10,4,7,10,1,0,0,10,1,0,0,3,1,0,0,7,1,0,0
ma\,1,1,7,1,0,0,2,1,0,0,10,6,1,10,6,10,7,8,9,1,0,0,10,1,0,0,0,0,0,0,7,1,0,0
ma\,1,0,8,1,0,0,0,0,0,0,10,1,1,1,9,10,10,7,10,8,10,10,1,10,6,6,8,1,7,2,1,2,0,0
ma\,1,0,7,1,0,0,6,7,7,9,10,1,0,0,10,4,10,8,10,8,8,10,3,10,1,1,7,1,8,3,0,0,0,0
ma\,1,0,4,1,0,0,0,0,3,5,10,2,0,0,10,1,10,2,10,6,1,10,10,10,4,6,6,1,0,0,6,1,0,0
ma\,0,-3,5,3,0,0,8,10,9,8,10,1,2,8,8,10,10,9,10,7,3,10,8,10,2,4,6,1,0,0,9,1,0,0
ma\,1,0,4,1,0,0,5,7,6,8,10,1,0,0,10,3,10,8,10,7,2,10,10,10,0,0,6,1,0,0,9,1,0,0
ma\,1,1,8,1,0,0,0,0,0,0,10,7,1,10,7,10,6,7,10,1,0,0,10,1,0,0,1,1,0,0,7,1,0,0
ma\,1,1,9,4,0,0,4,3,0,0,10,6,1,10,1,10,9,6,10,1,0,0,0,0,10,1,9,4,0,0,0,0,3,1
ma\,1,1,9,4,0,0,0,0,0,0,10,5,1,10,1,10,2,6,10,2,0,0,0,0,10,2,3,2,0,0,0,0,6,1
ma\,1,1,6,3,0,0,0,0,2,2,10,7,3,10,10,10,0,0,10,3,0,0,10,3,0,0,6,3,2,1,8,3,0,0
ma\,1,1,8,1,0,0,0,0,0,0,10,7,1,10,7,10,6,7,10,1,0,0,10,1,0,0,1,1,0,0,7,1,0,0
ma\,1,0,8,1,0,0,3,9,2,4,10,1,9,2,1,1,10,4,10,8,10,10,1,10,5,6,8,1,8,1,0,0,0,0
ma\,1,0,8,1,0,0,3,6,3,6,10,4,1,1,10,4,10,4,10,7,1,9,10,6,1,4,8,1,0,0,6,1,0,0
ma\,1,0,9,1,0,0,0,0,4,8,10,3,0,0,10,2,10,4,10,9,1,10,10,10,1,5,4,2,0,0,8,1,0,0
na\,1,1,0,0,5,8,0,0,0,0,1,3,8,10,5,10,1,2,10,3,0,0,0,0,0,0,7,3,0,0,0,0,0,0
na\,1,0,0,0,5,10,2,10,3,4,10,7,0,0,0,0,10,6,10,7,2,10,4,10,2,3,8,1,0,0,0,0,0,0
na\,1,1,0,0,4,5,0,0,0,0,4,3,6,10,3,10,3,6,10,3,0,0,0,0,0,0,7,3,0,0,0,0,0,0
na\,1,1,0,0,4,7,1,3,0,0,0,0,9,10,1,10,3,5,0,0,10,3,0,0,0,0,0,0,7,3,0,0,0,0
na\,0,1,0,0,1,2,2,3,0,0,0,0,10,8,3,7,0,0,0,0,10,2,0,0,0,0,0,0,6,2,0,0,0,0
na\,0,1,1,2,5,10,1,10,6,7,10,5,1,1,0,0,10,3,10,2,6,6,1,10,5,6,9,6,1,2,0,0,0,0
na\,1,1,0,0,4,3,1,10,0,0,0,0,10,10,0,0,3,7,0,0,10,3,0,0,0,0,0,0,6,3,0,0,0,0
na\,1,0,1,1,4,10,3,10,4,4,10,3,0,0,0,0,10,3,10,4,3,10,1,10,3,3,4,1,0,0,0,0,0,0
na\,1,1,0,0,3,3,1,3,0,0,0,0,9,10,3,10,1,3,0,0,10,3,0,0,0,0,0,0,7,3,0,0,0,0
na\,1,1,0,0,6,8,0,0,0,0,5,3,5,10,3,10,0,0,10,3,0,0,0,0,0,0,6,3,0,0,0,0,0,0
na\,1,-5,5,6,6,10,3,10,8,7,10,7,2,3,2,4,10,9,10,7,3,10,4,10,4,6,8,1,0,0,0,0,0,0
na\,1,0,0,0,6,9,2,10,5,5,8,4,2,2,0,0,10,2,10,6,3,10,5,10,5,4,8,2,0,0,0,0,0,0
na\,1,1,0,0,0,0,1,7,1,1,0,0,8,8,2,3,0,0,7,3,3,3,0,0,0,0,7,3,0,0,0,0,0,0
na\,1,0,0,0,8,10,2,10,6,6,9,3,1,1,0,0,10,3,10,3,4,10,2,10,3,4,9,7,0,0,0,0,0,0
na\,1,1,0,0,6,8,0,0,0,0,0,0,10,8,3,10,3,5,0,0,10,3,0,0,0,0,0,0,4,3,0,0,0,0
na\,1,1,0,0,6,8,0,0,0,0,5,3,5,10,3,10,0,0,10,3,0,0,0,0,0,0,6,3,0,0,0,0,0,0
na\,1,0,4,5,2,10,2,10,4,6,10,3,0,0,0,0,10,6,10,7,1,10,2,10,1,1,8,2,0,0,0,0,0,0
na\,1,0,2,1,3,10,2,10,3,4,9,3,1,1,0,0,10,5,9,3,1,10,1,10,0,0,5,3,3,10,2,3,0,0
pa\,1,1,8,1,0,0,0,0,0,0,10,6,1,10,1,10,6,5,7,1,0,0,0,0,10,4,0,0,0,0,0,0,7,6
pa\,1,1,6,1,0,0,0,0,0,0,10,6,1,10,3,10,4,4,10,1,0,0,0,0,10,4,1,1,0,0,0,0,9,5
pa\,1,1,8,1,0,0,0,0,0,0,10,6,1,10,1,10,6,6,5,1,0,0,0,0,10,3,0,0,0,0,1,1,8,7
pa\,1,1,9,1,0,0,0,0,0,0,10,8,1,10,1,10,1,5,10,2,0,0,0,0,10,4,1,1,0,0,0,0,9,4
pa\,1,1,9,2,0,0,2,10,1,2,10,7,3,10,0,0,10,6,10,1,0,0,0,0,10,2,8,1,0,0,0,0,7,6
pa\,1,1,9,3,0,0,2,7,1,3,10,6,3,10,2,3,10,4,10,1,0,0,0,0,10,4,6,3,0,0,2,1,4,3
pa\,1,1,6,1,0,0,0,0,0,0,10,6,1,10,1,10,4,4,9,1,0,0,0,0,10,2,0,0,0,0,2,4,8,7
pa\,1,1,7,3,0,0,0,0,0,0,10,8,1,10,1,10,9,7,10,1,0,0,0,0,10,2,8,1,0,0,1,1,8,8
pa\,1,1,8,1,0,0,0,0,0,0,10,7,1,10,3,10,5,4,6,1,0,0,0,0,10,3,0,0,0,0,2,3,8,8
pa\,1,1,7,1,0,0,0,0,0,0,10,8,4,10,2,10,10,8,10,1,0,0,0,0,10,1,8,1,0,0,0,0,8,6
pa\,1,1,9,4,0,0,0,0,0,0,10,5,1,10,1,10,4,5,10,1,0,0,0,0,10,4,6,1,0,0,0,0,8,5
pa\,1,1,8,1,0,0,0,0,0,0,10,7,3,10,2,10,8,6,10,1,0,0,0,0,10,1,6,1,0,0,1,4,8,6
pa\,1,1,9,4,0,0,0,0,0,0,10,6,1,10,1,10,8,7,10,1,0,0,0,0,10,4,9,4,0,0,2,3,2,2
pa\,1,1,8,2,4,10,3,10,3,2,10,7,0,0,0,0,10,5,10,1,0,0,0,0,10,2,7,1,0,0,0,0,7,6
pa\,1,1,9,5,0,0,0,0,0,0,10,5,1,10,1,10,1,2,10,2,0,0,0,0,10,5,4,3,0,0,3,5,7,6
pa\,1,1,8,1,0,0,0,0,0,0,10,7,1,10,3,10,5,4,6,1,0,0,0,0,10,3,0,0,0,0,2,3,8,8
pa\,1,0,8,7,3,10,3,10,7,7,10,7,3,10,3,10,10,8,10,1,0,0,0,0,10,2,8,1,0,0,0,0,7,6
pa\,1,1,7,4,0,0,0,0,0,0,10,7,1,10,2,10,9,6,10,1,0,0,0,0,10,2,4,1,0,0,0,0,6,4
ra\,0,1,8,1,1,1,0,0,0,0,10,1,6,6,4,6,0,0,10,8,10,10,4,4,6,6,8,2,0,0,0,0,3,2
ra\,0,1,8,1,0,0,0,0,0,0,10,1,5,8,5,8,0,0,10,2,4,5,6,4,8,6,7,8,1,5,0,0,2,2
ra\,0,1,9,4,0,0,0,0,0,0,10,1,2,1,7,9,0,0,10,6,2,10,2,3,9,7,9,3,0,0,0,0,0,0
ra\,0,1,8,2,0,0,4,7,0,0,10,4,4,10,5,3,9,9,10,5,0,0,0,0,1,1,8,1,0,0,0,0,0,0
ra\,0,1,8,1,0,0,0,0,0,0,10,1,6,8,4,5,0,0,10,1,4,3,6,5,6,5,8,8,2,7,0,0,3,3
ra\,0,1,9,3,0,0,0,0,0,0,10,1,1,1,8,10,4,3,10,7,5,10,0,0,7,6,9,3,0,0,0,0,0,0
ra\,0,1,8,1,3,1,0,0,0,0,10,1,5,5,5,8,0,0,10,8,3,10,5,4,8,6,8,1,0,0,0,0,3,1
ra\,0,-3,6,1,9,2,1,10,6,7,10,1,9,3,1,10,10,9,10,8,9,8,0,0,10,2,8,2,0,0,0,0,0,0
ra\,0,1,8,1,7,3,1,1,0,0,10,1,1,1,9,10,8,9,10,9,5,9,0,0,9,3,8,1,0,0,0,0,0,0
ra\,0,1,8,1,4,7,1,2,0,0,10,1,10,5,2,10,3,5,10,8,8,6,0,0,10,3,8,1,0,0,1,1,5,9
ra\,1,1,8,1,5,1,2,3,0,0,10,8,2,10,7,9,8,8,10,1,0,0,0,0,2,1,8,1,0,0,0,0,0,0
ra\,0,0,8,1,0,0,1,3,0,0,10,8,7,2,4,7,7,1,10,6,0,0,10,9,3,9,8,2,2,10,1,1,0,0
ra\,0,1,8,1,4,7,1,2,0,0,10,1,10,5,2,10,4,6,10,8,6,6,0,0,10,3,9,1,0,0,1,1,2,9
ra\,0,1,9,6,1,3,2,1,0,0,10,5,0,0,10,10,6,5,10,5,3,4,7,4,10,4,8,4,1,6,0,0,3,1
ra\,0,1,6,1,5,2,4,10,2,4,10,1,8,3,2,2,10,5,10,8,6,8,0,0,10,2,9,3,0,0,0,0,0,0
ra\,1,1,7,1,6,1,0,0,0,0,10,1,4,4,7,10,1,1,10,8,5,10,5,2,10,6,8,1,0,0,0,0,4,1
ra\,0,1,8,1,3,1,0,0,0,0,10,1,5,5,5,8,0,0,10,8,3,10,5,4,8,6,8,1,0,0,0,0,3,1
ra\,0,1,8,1,3,1,0,0,0,0,10,1,3,4,7,9,0,0,10,8,2,10,5,3,9,9,7,1,0,0,0,0,0,0
sh\,0,-1,3,3,4,7,7,5,6,3,10,4,10,1,10,4,9,3,10,4,9,7,10,6,5,5,7,6,3,10,4,4,5,3
sh\,0,0,0,0,0,0,5,1,0,0,5,6,4,3,10,5,5,6,10,3,10,4,10,6,5,3,5,7,5,10,0,0,0,0
sh\,0,0,8,1,0,0,2,1,0,0,10,8,7,5,10,6,0,0,10,3,10,3,10,5,9,6,7,7,4,10,1,1,3,2
sh\,0,1,1,3,0,0,9,3,0,0,10,6,10,6,10,9,7,8,10,9,9,10,3,2,9,3,8,1,0,0,0,0,0,0
sh\,0,-4,7,3,5,2,8,6,8,8,10,8,1,1,10,7,10,8,10,8,7,10,6,4,8,1,8,1,0,0,0,0,0,0
sh\,0,1,8,8,4,5,4,2,0,0,10,4,8,7,10,6,5,5,10,8,3,10,6,5,10,3,8,1,0,0,1,1,2,8
sh\,0,0,0,0,0,0,8,9,5,1,8,7,8,5,10,4,4,1,10,7,9,5,10,7,3,4,8,9,4,10,3,3,3,6
sh\,1,1,9,3,2,8,3,1,0,0,10,6,9,3,10,4,3,3,10,9,2,10,6,6,10,6,8,2,0,0,0,0,3,1
sh\,0,1,6,3,4,2,9,6,2,3,10,8,0,0,10,6,10,5,10,6,4,10,2,2,7,1,9,2,0,0,0,0,0,0
sh\,0,0,8,1,0,0,1,1,0,0,10,8,7,5,10,5,1,1,10,2,10,2,10,4,10,5,8,8,6,10,3,3,4,2
sh\,0,0,8,1,0,0,1,1,0,0,10,8,7,6,10,5,2,1,10,2,10,3,10,5,10,5,7,8,5,10,3,3,3,1
sh\,0,0,7,1,0,0,0,0,0,0,10,8,7,6,10,8,1,1,10,8,10,10,8,6,8,7,7,1,0,0,0,0,0,0
sh\,0,0,5,6,4,5,4,3,0,0,10,1,10,6,10,6,4,5,10,6,6,10,3,4,4,5,8,1,0,0,0,0,0,0
sh\,1,0,2,6,2,4,2,1,0,0,10,2,10,2,10,3,0,0,10,1,10,1,10,6,10,6,5,7,5,10,5,4,1,1
sh\,0,1,9,4,1,1,0,0,0,0,10,1,10,4,10,6,3,3,10,6,10,6,10,8,8,6,9,3,1,4,1,1,0,0
sh\,0,0,8,1,0,0,1,1,0,0,10,8,7,5,10,5,1,1,10,2,10,2,10,4,10,5,8,8,6,10,3,3,4,2
sh\,0,0,9,2,0,0,0,0,0,0,10,7,7,7,9,7,0,0,10,7,9,10,7,5,9,8,9,2,0,0,0,0,0,0
sh\,1,1,7,1,4,7,3,3,3,1,10,8,6,1,0,0,10,4,10,2,9,10,4,10,10,6,7,1,0,0,0,0,3,1
sha\,1,0,8,1,0,0,0,0,0,0,10,7,6,10,1,10,6,5,8,1,9,9,1,1,10,3,0,0,0,0,6,9,7,7
sha\,1,0,8,1,0,0,0,0,0,0,10,7,1,10,1,10,6,6,9,1,10,9,0,0,10,3,0,0,1,1,7,10,9,8
sha\,1,0,9,5,0,0,0,0,0,0,10,5,3,10,1,10,3,3,10,1,9,6,1,1,10,3,8,3,0,0,6,9,5,5
sha\,1,0,8,3,0,0,2,7,2,2,10,5,9,10,2,3,10,6,10,2,9,9,1,2,10,3,4,2,0,0,6,8,4,4
sha\,1,0,8,2,0,0,0,0,0,0,10,8,1,10,3,10,6,6,10,2,9,9,0,0,10,2,8,1,1,1,8,10,8,8
sha\,1,0,9,4,0,0,0,0,0,0,10,6,1,10,1,10,4,5,10,4,7,10,2,3,10,2,9,4,0,0,3,8,3,5
sha\,1,0,7,1,0,0,0,0,0,0,10,7,6,10,3,10,5,5,10,2,6,8,4,6,10,2,8,1,0,0,2,4,5,7
sha\,0,0,8,3,5,10,2,10,5,6,10,6,9,10,1,2,10,2,10,1,0,0,6,8,10,8,7,1,0,0,4,7,4,3
sha\,1,-1,8,7,3,10,3,10,7,8,10,7,4,10,3,10,10,8,10,1,4,8,5,10,10,8,9,3,0,0,0,0,0,0
sha\,1,0,3,1,0,0,0,0,0,0,10,5,7,10,2,10,7,5,10,2,10,8,2,1,10,2,5,1,0,0,6,9,8,6
sha\,1,0,8,1,0,0,0,0,0,0,10,7,1,10,1,10,6,5,8,1,10,9,0,0,10,3,0,0,1,1,8,10,9,8
sha\,1,0,6,2,0,0,0,0,0,0,10,6,7,10,1,10,7,6,10,1,10,9,0,0,10,2,1,1,0,0,7,10,7,6
sha\,0,0,9,2,1,2,3,10,3,5,10,7,3,8,0,0,10,3,10,1,5,8,5,10,10,8,9,3,0,0,0,0,0,0
sha\,1,0,7,3,0,0,0,0,0,0,10,5,1,10,1,10,8,5,10,3,7,10,2,2,10,1,3,1,0,0,5,8,6,6
sha\,1,0,9,3,0,0,0,0,0,0,10,6,7,10,1,10,7,7,10,1,10,9,0,0,10,2,6,1,0,0,7,10,7,6
sha\,1,0,6,1,0,0,0,0,0,0,10,6,3,10,1,10,5,5,10,3,10,10,0,0,10,3,1,1,0,0,7,10,8,7
sha\,0,0,8,1,0,0,0,0,0,0,10,8,4,10,3,10,10,9,10,4,6,10,2,3,10,2,8,1,0,0,4,7,6,8
sha\,1,0,8,1,0,0,0,0,0,0,10,7,1,10,1,10,6,6,9,1,10,9,0,0,10,3,0,0,1,1,7,10,9,8
shra\,0,0,2,5,2,4,6,3,0,0,9,7,10,9,3,2,6,3,7,1,2,2,10,8,0,0,8,8,1,10,3,10,1,6
shra\,0,0,4,5,4,7,9,4,4,1,9,7,9,10,5,4,8,6,10,8,1,10,9,10,1,6,9,3,0,0,0,0,1,3
shra\,0,-1,1,5,5,2,4,1,4,1,10,4,10,9,8,6,2,1,10,6,5,10,6,10,7,10,9,4,0,0,0,0,1,1
shra\,0,0,5,7,4,10,6,2,3,0,9,9,7,10,8,10,5,3,10,7,0,10,6,10,2,10,10,3,0,0,0,0,0,0
shra\,0,0,4,6,5,8,9,8,1,1,10,3,6,3,9,3,7,2,5,6,5,7,10,2,10,8,0,0,0,0,6,7,1,1
shra\,0,0,0,0,0,0,8,1,0,0,9,8,2,10,10,8,8,3,10,5,1,1,9,10,10,6,2,3,3,9,2,2,8,3
shra\,0,0,5,6,5,9,9,4,2,2,10,3,7,5,10,4,10,6,2,5,5,5,10,7,3,2,0,0,8,9,2,10,4,9
shra\,0,0,5,7,5,7,6,8,0,0,9,8,9,10,6,8,7,4,3,2,1,1,10,8,0,0,7,4,1,9,1,6,1,8
shra\,2,0,2,7,2,3,8,3,0,0,10,8,10,9,1,1,7,6,5,1,2,1,10,9,0,0,8,8,3,10,3,10,1,8
shra\,0,0,2,4,3,6,10,3,3,2,10,4,10,8,4,4,8,5,5,6,1,4,10,10,5,9,9,8,2,8,0,0,0,0
shra\,2,0,5,7,5,7,5,8,0,0,7,7,10,6,1,1,9,8,5,1,10,3,10,5,4,1,8,8,3,10,3,10,8,9
shra\,0,0,3,7,3,3,9,4,1,1,10,4,10,8,1,2,9,5,9,6,4,3,10,10,0,0,8,7,1,9,1,3,1,9
shra\,0,-7,5,7,5,9,10,7,3,5,10,8,10,10,10,8,10,7,5,8,4,10,8,10,7,9,9,8,2,10,2,8,0,0
shra\,0,0,3,7,3,5,9,4,4,3,10,9,10,10,6,2,10,6,4,1,1,3,9,10,4,9,9,9,2,8,0,0,6,2
shra\,2,0,3,7,2,5,7,5,0,0,9,8,10,10,2,2,6,6,6,1,1,1,10,8,0,0,8,8,1,10,3,10,1,8
shra\,1,0,0,0,1,3,1,1,8,3,10,6,3,8,10,10,0,0,3,5,4,10,7,5,3,2,0,0,0,0,0,0,9,8
shra\,0,0,3,7,1,3,8,8,5,3,9,8,10,8,2,2,8,6,5,8,5,10,10,10,7,9,8,2,0,0,0,0,5,2
shra\,2,0,3,7,2,5,7,5,0,0,9,8,10,10,2,2,6,6,6,1,1,1,10,8,0,0,8,8,1,10,3,10,1,8
t\,1,1,5,4,4,10,3,4,0,0,10,2,0,0,5,6,5,4,10,1,0,0,0,0,9,2,7,1,0,0,0,0,0,0
t\,0,1,6,7,4,10,4,6,0,0,10,1,0,0,4,4,6,6,10,1,0,0,0,0,5,1,6,1,0,0,0,0,0,0
t\,1,1,3,3,3,10,4,8,0,0,10,4,0,0,1,3,9,7,10,1,0,0,0,0,4,2,6,1,0,0,0,0,0,0
t\,0,1,2,2,4,10,1,10,4,5,10,5,0,0,0,0,10,3,10,1,0,0,0,0,6,3,9,5,0,0,0,0,0,0
t\,0,1,4,4,3,10,3,4,0,0,10,3,0,0,4,6,7,8,10,1,0,0,0,0,4,2,6,1,0,0,0,0,0,0
t\,0,1,6,7,3,10,5,7,0,0,10,1,0,0,3,3,8,7,10,1,0,0,0,0,4,1,7,1,0,0,0,0,0,0
t\,0,1,8,1,2,5,2,8,0,0,10,1,10,2,1,2,9,8,10,1,10,1,0,0,1,1,8,8,2,10,1,10,1,8
t\,0,1,0,0,5,9,3,10,5,6,9,5,1,1,0,0,5,3,10,2,0,0,0,0,0,0,9,5,0,0,0,0,0,0
t\,0,1,3,3,3,10,1,10,5,4,10,5,0,0,0,0,10,1,10,1,0,0,4,5,6,8,8,1,0,0,0,0,0,0
t\,1,1,0,0,3,10,3,4,0,0,10,4,0,0,4,6,6,7,10,1,0,0,0,0,1,2,4,1,0,0,0,0,0,0
t\,0,1,6,5,3,10,4,6,0,0,10,1,0,0,3,4,7,5,10,1,0,0,0,0,4,2,7,1,0,0,0,0,0,0
t\,0,1,3,2,4,10,3,10,4,3,10,4,0,0,0,0,10,4,10,2,0,0,0,0,0,0,8,3,0,0,0,0,0,0
t\,0,1,6,7,3,10,5,7,0,0,10,1,0,0,3,3,8,7,10,1,0,0,0,0,4,1,7,1,0,0,0,0,0,0
t\,1,1,2,1,3,10,2,10,5,6,10,4,0,0,0,0,5,2,10,1,0,0,0,0,0,0,5,1,0,0,0,0,0,0
t\,0,-1,3,4,6,10,3,10,9,8,10,8,3,9,0,0,10,5,10,3,0,0,0,0,3,2,8,1,0,0,0,0,0,0
t\,0,1,3,2,4,10,5,10,1,1,10,2,0,0,0,0,10,7,10,1,0,0,0,0,2,1,5,1,0,0,0,0,0,0
t\,0,1,0,0,3,8,2,10,4,5,8,6,2,3,0,0,10,4,10,3,0,0,0,0,3,2,8,1,0,0,0,0,0,0
t\,0,1,0,0,6,9,4,10,1,1,8,4,2,2,0,0,10,5,10,2,0,0,0,0,2,1,7,6,0,0,0,0,0,0
ta\,0,1,8,1,1,1,2,9,0,0,10,1,10,4,1,1,10,7,10,8,9,6,0,0,10,3,8,2,0,0,0,0,7,4
ta\,0,1,8,1,5,4,2,10,7,7,10,1,10,3,0,0,10,2,10,2,10,4,1,2,10,7,8,7,0,0,0,0,0,0
ta\,0,1,7,1,0,0,4,9,4,4,10,1,8,3,2,2,10,3,10,6,3,8,0,0,9,5,9,3,0,0,0,0,0,0
ta\,1,1,0,0,4,6,3,10,3,2,0,0,10,4,0,0,10,5,3,3,8,1,0,0,10,3,1,1,0,0,0,0,7,5
ta\,0,1,8,1,2,3,2,10,1,1,10,1,10,5,0,0,10,7,10,8,10,4,0,0,10,3,9,3,0,0,1,5,5,5
ta\,0,1,10,3,1,2,2,10,1,2,10,1,10,5,0,0,10,5,10,7,6,4,0,0,10,7,10,3,0,0,0,0,0,0
ta\,0,1,8,1,0,0,2,10,1,1,10,1,10,5,0,0,10,7,10,1,10,1,0,0,10,1,8,8,1,5,0,0,6,5
ta\,0,1,8,1,4,4,2,10,6,7,10,1,10,3,0,0,10,2,10,9,6,5,1,1,10,8,8,1,0,0,0,0,1,0
ta\,0,1,8,1,0,0,2,8,2,3,10,1,7,4,3,3,10,4,10,8,7,7,0,0,10,6,8,1,0,0,1,4,1,1
ta\,0,1,8,1,0,0,1,3,0,0,10,1,9,5,2,7,9,7,10,7,10,5,0,0,10,2,8,2,0,0,0,0,6,5
ta\,0,1,9,1,1,3,1,10,1,1,10,3,4,8,0,0,10,8,10,8,0,0,1,1,8,9,8,1,0,0,0,0,0,0
ta\,0,1,8,1,2,2,2,10,0,0,10,1,10,3,0,0,10,8,10,8,10,6,0,0,10,3,8,1,0,0,0,0,5,4
ta\,0,1,7,2,3,3,3,10,5,7,10,1,10,5,0,0,10,2,10,8,8,4,0,0,10,8,8,2,0,0,0,0,0,0
ta\,1,1,6,1,2,3,1,10,2,5,10,1,10,3,0,0,10,2,10,7,9,7,0,0,10,3,6,2,0,0,0,0,1,3
ta\,0,-2,6,2,7,6,6,10,9,8,10,1,10,6,0,0,10,2,10,8,9,5,0,0,10,8,8,5,0,0,0,0,0,0
ta\,0,1,9,3,0,0,2,5,2,5,10,1,0,0,10,5,10,4,10,6,2,10,5,2,10,2,9,2,0,0,0,0,1,1
ta\,0,1,8,1,3,6,1,10,3,5,10,1,10,2,0,0,10,2,10,8,8,2,0,0,10,4,8,3,0,0,0,0,1,4
ta\,0,1,8,1,0,0,2,10,1,1,10,1,10,5,0,0,10,7,10,1,10,1,0,0,10,1,8,8,1,5,0,0,6,5
tha\,1,1,5,6,5,6,9,6,3,3,10,3,4,2,10,5,10,5,4,4,2,10,3,3,10,3,0,0,0,0,2,4,5,5
tha\,0,1,6,7,6,7,9,6,3,3,10,3,1,1,10,4,10,5,4,4,2,10,3,3,10,3,0,0,0,0,3,5,7,6
tha\,0,0,3,4,4,8,7,2,2,1,10,3,2,2,10,10,10,6,7,5,4,10,6,5,10,2,0,0,0,0,3,5,7,5
tha\,0,0,0,0,0,0,7,7,4,5,10,8,9,6,10,3,10,3,8,8,7,10,1,1,10,4,0,0,0,0,7,7,3,3
tha\,0,0,6,7,5,5,6,6,3,3,10,7,10,6,8,5,10,4,0,0,1,6,0,0,10,3,0,0,0,0,0,0,7,4
tha\,0,0,0,0,0,0,5,7,5,6,10,8,10,7,10,1,10,2,10,5,10,5,6,3,10,1,1,3,1,5,0,0,9,6
tha\,1,0,4,5,4,7,3,2,4,5,10,2,10,2,10,2,10,2,6,5,7,10,7,7,10,1,0,0,0,0,0,0,9,6
tha\,0,1,6,7,6,7,4,8,4,4,10,2,7,7,10,2,10,4,7,6,4,10,2,1,10,3,0,0,0,0,2,2,6,5
tha\,0,0,4,4,4,6,6,6,6,5,10,3,6,4,10,5,10,2,10,8,7,10,3,2,10,2,0,0,0,0,3,4,7,5
tha\,1,-4,5,6,5,5,9,7,8,7,10,8,4,5,10,10,10,9,10,8,9,10,6,2,10,2,2,5,2,7,1,1,8,7
tha\,0,0,1,3,2,4,8,9,6,5,10,5,9,6,10,2,10,3,10,3,9,5,1,1,10,3,2,5,2,5,3,5,7,5
tha\,0,0,4,6,4,6,9,8,1,1,10,2,10,3,10,4,10,6,6,5,6,10,4,4,10,2,0,0,0,0,3,6,7,7
tha\,1,1,4,6,4,4,3,10,3,5,10,2,10,4,1,1,10,4,6,7,6,8,0,0,10,2,0,0,0,0,0,0,8,3
tha\,1,1,1,3,2,2,3,4,2,4,10,5,4,3,10,5,10,5,10,8,8,10,2,2,10,2,0,0,0,0,0,0,9,7
tha\,1,0,4,6,4,7,2,1,6,3,10,3,6,3,10,10,10,4,7,7,4,10,3,3,10,2,0,0,0,0,0,0,8,7
tha\,1,0,5,6,5,7,8,3,1,2,10,2,5,3,10,8,10,5,5,6,5,10,1,1,10,2,0,0,0,0,3,4,7,6
tha\,0,1,6,6,6,6,9,7,2,2,10,2,2,2,10,3,10,5,5,5,2,10,4,4,10,2,0,0,0,0,2,5,7,6
tha\,1,0,7,6,7,6,9,8,4,5,10,2,10,2,10,4,10,3,3,5,3,9,3,4,10,1,0,0,0,0,0,0,9,7
va\,1,1,2,1,3,10,2,10,5,4,10,4,0,0,0,0,10,3,10,1,0,0,0,0,10,2,6,5,3,4,1,1,9,6
va\,1,1,0,0,5,10,3,10,2,2,10,6,0,0,0,0,10,4,10,1,0,0,0,0,10,1,4,6,0,0,1,1,8,7
va\,1,1,0,0,2,4,2,10,3,3,5,4,5,6,0,0,10,6,10,3,0,0,0,0,10,3,8,7,0,0,0,0,3,2
va\,1,0,0,0,4,7,3,10,3,3,6,3,4,3,0,0,10,2,9,3,1,2,0,0,10,3,0,0,6,10,4,10,1,2
va\,0,0,0,0,5,9,2,10,4,4,9,5,1,1,0,0,10,3,10,4,0,0,0,0,10,5,2,2,5,10,4,10,3,3
va\,0,1,0,0,8,10,3,10,6,5,10,5,0,0,0,0,10,2,10,3,0,0,0,0,10,4,7,5,3,4,4,8,3,3
va\,0,1,0,0,5,8,3,10,4,3,6,3,4,3,0,0,10,4,10,3,0,0,0,0,10,3,3,2,5,7,2,5,6,6
va\,0,1,2,2,4,10,2,10,5,5,10,5,0,0,0,0,10,4,10,3,0,0,0,0,10,4,6,5,3,2,3,7,5,4
va\,1,1,1,1,4,10,1,10,4,4,10,4,0,0,0,0,10,3,10,6,0,0,0,0,10,2,0,0,0,0,0,0,7,5
va\,0,1,0,0,7,10,2,10,5,5,10,6,0,0,0,0,10,2,10,2,0,0,0,0,10,4,4,5,4,10,6,10,3,3
va\,1,1,0,0,5,10,3,10,2,1,10,6,0,0,0,0,10,6,10,3,0,0,0,0,10,3,1,3,0,0,3,4,6,6
va\,1,-1,2,3,6,10,3,10,8,8,10,7,5,10,1,4,10,9,10,3,0,0,0,0,10,3,8,7,0,0,0,0,3,2
va\,1,0,0,0,4,7,3,10,3,2,6,3,4,3,0,0,10,5,10,3,0,0,0,0,10,3,1,1,7,10,4,10,5,4
va\,1,1,1,1,4,10,1,10,4,4,10,4,0,0,0,0,10,3,10,6,0,0,0,0,10,2,0,0,0,0,0,0,7,5
va\,1,1,3,3,3,10,3,10,1,1,10,5,0,0,0,0,10,6,10,4,0,0,0,0,10,3,3,8,1,5,1,8,6,6
va\,1,1,0,0,3,9,1,10,3,3,9,4,1,1,0,0,10,4,10,1,0,0,0,0,10,1,7,4,3,4,0,0,8,7
va\,1,1,0,0,0,0,0,0,0,0,10,5,2,10,2,10,8,4,10,1,0,0,0,0,10,1,3,1,0,0,0,0,5,1
va\,1,1,0,0,2,7,2,9,0,0,10,6,2,3,2,1,10,8,10,2,0,0,0,0,10,2,7,2,0,0,0,0,8,3
za\,0,0,9,1,4,7,0,0,4,1,10,8,9,4,8,3,10,8,10,1,0,0,10,8,2,1,8,8,1,10,2,10,1,4
za\,0,1,7,1,0,0,0,0,0,0,10,1,10,8,5,3,8,3,10,8,9,6,10,8,9,8,4,1,0,0,9,5,0,0
za\,0,0,1,1,1,2,7,9,4,2,10,3,10,3,10,4,10,1,10,4,10,5,10,5,6,9,1,1,8,5,1,5,0,0
za\,0,0,8,1,1,4,8,7,5,1,10,2,10,4,10,6,5,1,10,3,10,1,10,6,7,9,8,5,8,4,1,4,0,0
za\,0,1,8,1,2,6,0,0,0,0,10,1,10,4,7,2,10,5,10,8,5,2,10,9,8,6,1,1,0,0,9,3,0,0
za\,0,1,7,1,2,6,0,0,0,0,10,1,10,3,8,3,6,4,10,8,4,2,9,10,10,6,3,1,6,4,3,1,0,0
za\,1,1,8,1,2,5,1,1,0,0,10,1,10,4,3,2,7,6,10,8,4,3,6,10,10,5,8,1,0,0,8,1,0,0
za\,0,0,9,3,3,7,1,1,0,0,10,1,10,2,10,3,9,7,10,7,3,3,8,10,10,5,10,3,2,3,0,0,0,0
za\,0,1,4,2,2,5,6,3,1,4,10,2,10,5,6,1,8,4,10,7,7,3,10,9,0,0,8,2,4,2,4,1,0,0
za\,0,0,9,3,0,0,0,0,0,0,10,1,10,9,8,4,5,6,10,7,10,4,8,9,2,3,6,2,9,5,0,0,0,0
za\,0,1,8,1,2,6,0,0,0,0,10,1,10,4,7,2,10,5,10,8,5,2,10,9,8,6,1,1,0,0,9,3,0,0
za\,0,0,9,2,3,6,1,1,1,6,10,7,10,4,0,0,10,7,10,9,1,10,9,10,5,5,9,1,0,0,0,0,4,2
za\,2,0,9,1,4,9,0,0,3,1,10,8,9,2,10,2,10,8,10,1,0,0,10,9,1,1,8,8,1,10,3,10,1,6
za\,0,0,6,1,2,6,7,8,3,5,10,1,10,5,10,4,9,4,10,8,6,1,6,10,4,4,10,9,2,10,0,4,0,0
za\,0,1,7,1,4,8,3,3,4,3,10,7,9,3,10,4,10,9,10,1,0,0,5,5,0,0,7,7,1,10,2,9,1,3
za\,0,0,9,2,3,9,2,1,0,0,10,7,8,1,10,4,9,8,10,1,3,1,8,8,1,1,9,7,1,9,1,10,1,4
za\,0,0,8,1,4,8,1,1,1,1,10,5,7,3,5,6,10,8,10,6,0,0,10,4,5,2,8,8,1,10,3,10,8,9
za\,0,-7,5,1,5,9,10,8,5,9,10,8,10,4,10,10,9,6,10,8,8,10,7,10,5,4,10,9,2,10,2,10,0,1
